-- Limpiar la base de datos
DELETE FROM paises;
DELETE FROM tipos_documentos;
DELETE FROM areas;
DELETE FROM cargos;
DELETE FROM profesiones;
DELETE FROM conceptos;
DELETE FROM motivos;
DELETE FROM dias_festivos;
DELETE FROM parametros;
-- Paises
INSERT INTO paises (pais, nombre) VALUES (1, 'Paraguay');
INSERT INTO paises (pais, nombre) VALUES (2, 'Argentina');
INSERT INTO paises (pais, nombre) VALUES (3, 'Brasil');
INSERT INTO paises (pais, nombre) VALUES (4, 'Uruguay');
-- Departamentos
-- Departamentos del Paraguay
INSERT INTO departamentos (departamento, pais, nombre) VALUES (1, 1, 'Concepción');
INSERT INTO departamentos (departamento, pais, nombre) VALUES (2, 1, 'San Pedro');
INSERT INTO departamentos (departamento, pais, nombre) VALUES (3, 1, 'Cordillera');
INSERT INTO departamentos (departamento, pais, nombre) VALUES (4, 1, 'Guairá');
INSERT INTO departamentos (departamento, pais, nombre) VALUES (5, 1, 'Caaguazú');
INSERT INTO departamentos (departamento, pais, nombre) VALUES (6, 1, 'CaazaGpá');
INSERT INTO departamentos (departamento, pais, nombre) VALUES (7, 1, 'Itapúa');
INSERT INTO departamentos (departamento, pais, nombre) VALUES (8, 1, 'Misiones');
INSERT INTO departamentos (departamento, pais, nombre) VALUES (9, 1, 'Paraguarí');
INSERT INTO departamentos (departamento, pais, nombre) VALUES (10, 1, 'Alto Paraná');
INSERT INTO departamentos (departamento, pais, nombre) VALUES (11, 1, 'Central');
INSERT INTO departamentos (departamento, pais, nombre) VALUES (12, 1, 'Ñeembucú');
INSERT INTO departamentos (departamento, pais, nombre) VALUES (13, 1, 'Amambay');
INSERT INTO departamentos (departamento, pais, nombre) VALUES (14, 1, 'Canindeyú');
INSERT INTO departamentos (departamento, pais, nombre) VALUES (15, 1, 'Presidente Hayes');
INSERT INTO departamentos (departamento, pais, nombre) VALUES (16, 1, 'Alto Paraguay');
INSERT INTO departamentos (departamento, pais, nombre) VALUES (17, 1, 'Boquerón');
-- Provincias de la Argentina
INSERT INTO departamentos (departamento, pais, nombre) VALUES (18, 2, 'Buenos Aires');
INSERT INTO departamentos (departamento, pais, nombre) VALUES (19, 2, 'Catamarca');
INSERT INTO departamentos (departamento, pais, nombre) VALUES (20, 2, 'Chaco');
INSERT INTO departamentos (departamento, pais, nombre) VALUES (21, 2, 'Chubut');
INSERT INTO departamentos (departamento, pais, nombre) VALUES (22, 2, 'Córdoba');
INSERT INTO departamentos (departamento, pais, nombre) VALUES (23, 2, 'Corrientes');
INSERT INTO departamentos (departamento, pais, nombre) VALUES (24, 2, 'Entre Ríos');
INSERT INTO departamentos (departamento, pais, nombre) VALUES (25, 2, 'Formosa');
INSERT INTO departamentos (departamento, pais, nombre) VALUES (26, 2, 'Jujuy');
INSERT INTO departamentos (departamento, pais, nombre) VALUES (27, 2, 'La Pampa');
INSERT INTO departamentos (departamento, pais, nombre) VALUES (28, 2, 'La Rioja');
INSERT INTO departamentos (departamento, pais, nombre) VALUES (29, 2, 'Mendoza');
INSERT INTO departamentos (departamento, pais, nombre) VALUES (30, 2, 'Misiones');
INSERT INTO departamentos (departamento, pais, nombre) VALUES (31, 2, 'Neuquén');
INSERT INTO departamentos (departamento, pais, nombre) VALUES (32, 2, 'Río Negro');
INSERT INTO departamentos (departamento, pais, nombre) VALUES (33, 2, 'Salta');
INSERT INTO departamentos (departamento, pais, nombre) VALUES (34, 2, 'San Juan');
INSERT INTO departamentos (departamento, pais, nombre) VALUES (35, 2, 'San Luis');
INSERT INTO departamentos (departamento, pais, nombre) VALUES (36, 2, 'Santa Cruz');
INSERT INTO departamentos (departamento, pais, nombre) VALUES (37, 2, 'Santa Fe');
INSERT INTO departamentos (departamento, pais, nombre) VALUES (38, 2, 'Santiago del Estero');
INSERT INTO departamentos (departamento, pais, nombre) VALUES (39, 2, 'Tierra del Fuego');
INSERT INTO departamentos (departamento, pais, nombre) VALUES (40, 2, 'Tucumán');
INSERT INTO departamentos (departamento, pais, nombre) VALUES (41, 2, 'Ciudad Autónoma de Buenos Aires');
-- Estados del Brasil
INSERT INTO departamentos (departamento, pais, nombre) VALUES (42, 3, 'Acre');
INSERT INTO departamentos (departamento, pais, nombre) VALUES (43, 3, 'Alagoas');
INSERT INTO departamentos (departamento, pais, nombre) VALUES (44, 3, 'Amapá');
INSERT INTO departamentos (departamento, pais, nombre) VALUES (45, 3, 'Amazonas');
INSERT INTO departamentos (departamento, pais, nombre) VALUES (46, 3, 'Bahía');
INSERT INTO departamentos (departamento, pais, nombre) VALUES (47, 3, 'Ceará');
INSERT INTO departamentos (departamento, pais, nombre) VALUES (48, 3, 'Distrito Federal');
INSERT INTO departamentos (departamento, pais, nombre) VALUES (49, 3, 'Espírito Santo');
INSERT INTO departamentos (departamento, pais, nombre) VALUES (50, 3, 'Goiás');
INSERT INTO departamentos (departamento, pais, nombre) VALUES (51, 3, 'Maranhão');
INSERT INTO departamentos (departamento, pais, nombre) VALUES (52, 3, 'Mato Grosso');
INSERT INTO departamentos (departamento, pais, nombre) VALUES (53, 3, 'Mato Grosso do Sul');
INSERT INTO departamentos (departamento, pais, nombre) VALUES (54, 3, 'Minas Gerais');
INSERT INTO departamentos (departamento, pais, nombre) VALUES (55, 3, 'Pará');
INSERT INTO departamentos (departamento, pais, nombre) VALUES (56, 3, 'Paraíba');
INSERT INTO departamentos (departamento, pais, nombre) VALUES (57, 3, 'Paraná');
INSERT INTO departamentos (departamento, pais, nombre) VALUES (58, 3, 'Pernambuco');
INSERT INTO departamentos (departamento, pais, nombre) VALUES (59, 3, 'Piauí');
INSERT INTO departamentos (departamento, pais, nombre) VALUES (60, 3, 'Río de Janeiro');
INSERT INTO departamentos (departamento, pais, nombre) VALUES (61, 3, 'Río Grande del Norte');
INSERT INTO departamentos (departamento, pais, nombre) VALUES (62, 3, 'Río Grande del Sur');
INSERT INTO departamentos (departamento, pais, nombre) VALUES (63, 3, 'Rondônia');
INSERT INTO departamentos (departamento, pais, nombre) VALUES (64, 3, 'Roraima');
INSERT INTO departamentos (departamento, pais, nombre) VALUES (65, 3, 'Santa Catarina');
INSERT INTO departamentos (departamento, pais, nombre) VALUES (66, 3, 'São Paulo');
INSERT INTO departamentos (departamento, pais, nombre) VALUES (67, 3, 'Sergipe');
INSERT INTO departamentos (departamento, pais, nombre) VALUES (68, 3, 'Tocantins');
-- Departamentos del Uruguay
INSERT INTO departamentos (departamento, pais, nombre) VALUES (69, 4, 'Artigas');
INSERT INTO departamentos (departamento, pais, nombre) VALUES (70, 4, 'Canelones');
INSERT INTO departamentos (departamento, pais, nombre) VALUES (71, 4, 'Cerro Largo');
INSERT INTO departamentos (departamento, pais, nombre) VALUES (72, 4, 'Colonia');
INSERT INTO departamentos (departamento, pais, nombre) VALUES (73, 4, 'Durazno');
INSERT INTO departamentos (departamento, pais, nombre) VALUES (74, 4, 'Flores');
INSERT INTO departamentos (departamento, pais, nombre) VALUES (75, 4, 'Florida');
INSERT INTO departamentos (departamento, pais, nombre) VALUES (76, 4, 'Lavalleja');
INSERT INTO departamentos (departamento, pais, nombre) VALUES (77, 4, 'Maldonado');
INSERT INTO departamentos (departamento, pais, nombre) VALUES (78, 4, 'Montevideo');
INSERT INTO departamentos (departamento, pais, nombre) VALUES (79, 4, 'Paysandú');
INSERT INTO departamentos (departamento, pais, nombre) VALUES (80, 4, 'Río Negro');
INSERT INTO departamentos (departamento, pais, nombre) VALUES (81, 4, 'Rivera');
INSERT INTO departamentos (departamento, pais, nombre) VALUES (82, 4, 'Rocha');
INSERT INTO departamentos (departamento, pais, nombre) VALUES (83, 4, 'Salto');
INSERT INTO departamentos (departamento, pais, nombre) VALUES (84, 4, 'San José');
INSERT INTO departamentos (departamento, pais, nombre) VALUES (85, 4, 'Soriano');
INSERT INTO departamentos (departamento, pais, nombre) VALUES (86, 4, 'Tacuarembó');
INSERT INTO departamentos (departamento, pais, nombre) VALUES (87, 4, 'Treinta y Tres');
-- Ciudades Paraguay - Central
INSERT INTO ciudades (ciudad, departamento, nombre) VALUES (1, 11, 'Asunción');
INSERT INTO ciudades (ciudad, departamento, nombre) VALUES (2, 11, 'San Lorenzo');
INSERT INTO ciudades (ciudad, departamento, nombre) VALUES (3, 11, 'Luque');
INSERT INTO ciudades (ciudad, departamento, nombre) VALUES (4, 11, 'Capiatá');
INSERT INTO ciudades (ciudad, departamento, nombre) VALUES (5, 11, 'Lambaré');
INSERT INTO ciudades (ciudad, departamento, nombre) VALUES (6, 11, 'Fernando de la Mora');
INSERT INTO ciudades (ciudad, departamento, nombre) VALUES (7, 11, 'Limpio');
INSERT INTO ciudades (ciudad, departamento, nombre) VALUES (8, 11, 'Ñemby');
INSERT INTO ciudades (ciudad, departamento, nombre) VALUES (9, 11, 'Mariano Roque Alonso');
INSERT INTO ciudades (ciudad, departamento, nombre) VALUES (10, 11, 'Villa Elisa');
-- Ciudades Argentina - Chubut
INSERT INTO ciudades (ciudad, departamento, nombre) VALUES (11, 21, 'Rawson');
INSERT INTO ciudades (ciudad, departamento, nombre) VALUES (12, 21, 'Trelew');
INSERT INTO ciudades (ciudad, departamento, nombre) VALUES (13, 21, 'Puerto Madryn');
INSERT INTO ciudades (ciudad, departamento, nombre) VALUES (14, 21, 'Comodoro Rivadavia');
INSERT INTO ciudades (ciudad, departamento, nombre) VALUES (15, 21, 'Esquel');
INSERT INTO ciudades (ciudad, departamento, nombre) VALUES (16, 21, 'Gaiman');
INSERT INTO ciudades (ciudad, departamento, nombre) VALUES (17, 21, 'Dolavon');
INSERT INTO ciudades (ciudad, departamento, nombre) VALUES (18, 21, 'Sarmiento');
INSERT INTO ciudades (ciudad, departamento, nombre) VALUES (19, 21, 'Rada Tilly');
INSERT INTO ciudades (ciudad, departamento, nombre) VALUES (20, 21, 'Lago Puelo');
-- Barrios Paraguay
INSERT INTO barrios (barrio, ciudad, Nombre) VALUES (1, 1, 'Barrio Obrero');
INSERT INTO barrios (barrio, ciudad, Nombre) VALUES (2, 2, 'San Pablo');
INSERT INTO barrios (barrio, ciudad, Nombre) VALUES (3, 3, 'Tarumandy');
INSERT INTO barrios (barrio, ciudad, Nombre) VALUES (4, 4, 'Caacupemí');
INSERT INTO barrios (barrio, ciudad, Nombre) VALUES (5, 5, 'Ytay');
INSERT INTO barrios (barrio, ciudad, Nombre) VALUES (6, 6, 'Mburucuyá');
INSERT INTO barrios (barrio, ciudad, Nombre) VALUES (7, 7, 'Aguai');
INSERT INTO barrios (barrio, ciudad, Nombre) VALUES (8, 8, 'Pa’i Ñu');
INSERT INTO barrios (barrio, ciudad, Nombre) VALUES (9, 9, 'Tacumbú');
INSERT INTO barrios (barrio, ciudad, Nombre) VALUES (10, 10, 'San Miguel');
-- Barrios Argentina
INSERT INTO barrios (barrio, ciudad, Nombre) VALUES (11, 11, 'Don Bosco');
INSERT INTO barrios (barrio, ciudad, Nombre) VALUES (12, 12, 'Las Margaritas');
INSERT INTO barrios (barrio, ciudad, Nombre) VALUES (13, 13, 'San Miguel');
INSERT INTO barrios (barrio, ciudad, Nombre) VALUES (14, 14, 'General Mosconi');
INSERT INTO barrios (barrio, ciudad, Nombre) VALUES (15, 15, 'La Loma');
INSERT INTO barrios (barrio, ciudad, Nombre) VALUES (16, 16, 'Villa Ayacucho');
INSERT INTO barrios (barrio, ciudad, Nombre) VALUES (17, 17, 'Centro');
INSERT INTO barrios (barrio, ciudad, Nombre) VALUES (18, 18, 'San Isidro');
INSERT INTO barrios (barrio, ciudad, Nombre) VALUES (19, 19, 'Rada Tilly Centro');
INSERT INTO barrios (barrio, ciudad, Nombre) VALUES (20, 20, 'Lago Puelo Centro');
-- Tipos Documentos
INSERT INTO tipos_documentos (tipo_documento, nombre) VALUES (1, 'Cédula de Identidad');
INSERT INTO tipos_documentos (tipo_documento, nombre) VALUES (2, 'Pasaporte');
INSERT INTO tipos_documentos (tipo_documento, nombre) VALUES (3, 'Licencia de Conducir');
INSERT INTO tipos_documentos (tipo_documento, nombre) VALUES (4, 'Tarjeta de Identificación Militar');
INSERT INTO tipos_documentos (tipo_documento, nombre) VALUES (5, 'Tarjeta de Residente Permanente');
INSERT INTO tipos_documentos (tipo_documento, nombre) VALUES (6, 'Certificado de Ciudadanía');
INSERT INTO tipos_documentos (tipo_documento, nombre) VALUES (7, 'Certificado de Nacimiento');
INSERT INTO tipos_documentos (tipo_documento, nombre) VALUES (8, 'Tarjeta de Seguro Social');
INSERT INTO tipos_documentos (tipo_documento, nombre) VALUES (9, 'Tarjeta de Trabajo');
INSERT INTO tipos_documentos (tipo_documento, nombre) VALUES (10, 'Documento Nacional de Identidad');
-- Areas
INSERT INTO Areas (Area, Nombre) VALUES (1, 'Recursos Humanos');
INSERT INTO Areas (Area, Nombre) VALUES (2, 'Contabilidad');
INSERT INTO Areas (Area, Nombre) VALUES (3, 'Mercadeo');
INSERT INTO Areas (Area, Nombre) VALUES (4, 'Producción');
INSERT INTO Areas (Area, Nombre) VALUES (5, 'Logística');
INSERT INTO Areas (Area, Nombre) VALUES (6, 'Ingeniería');
INSERT INTO Areas (Area, Nombre) VALUES (7, 'Servicio al Cliente');
INSERT INTO Areas (Area, Nombre) VALUES (8, 'Informática');
INSERT INTO Areas (Area, Nombre) VALUES (9, 'Investigación y Desarrollo');
INSERT INTO Areas (Area, Nombre) VALUES (10, 'Administración');
-- Cargos
INSERT INTO Cargos (Cargo, Nombre) VALUES (1, 'Analista');
INSERT INTO Cargos (Cargo, Nombre) VALUES (2, 'Asistente');
INSERT INTO Cargos (Cargo, Nombre) VALUES (3, 'Especialista');
INSERT INTO Cargos (Cargo, Nombre) VALUES (4, 'Gerente');
INSERT INTO Cargos (Cargo, Nombre) VALUES (5, 'Coordinador');
INSERT INTO Cargos (Cargo, Nombre) VALUES (6, 'Director');
INSERT INTO Cargos (Cargo, Nombre) VALUES (7, 'Vicepresidente');
INSERT INTO Cargos (Cargo, Nombre) VALUES (8, 'Presidente');
INSERT INTO Cargos (Cargo, Nombre) VALUES (9, 'Supervisor');
INSERT INTO Cargos (Cargo, Nombre) VALUES (10, 'Técnico');
-- Profesiones
INSERT INTO Profesiones (Profesion, Nombre) VALUES (1, 'Ingeniería Industrial');
INSERT INTO Profesiones (Profesion, Nombre) VALUES (2, 'Ingeniería de Sistemas');
INSERT INTO Profesiones (Profesion, Nombre) VALUES (3, 'Administración de Empresas');
INSERT INTO Profesiones (Profesion, Nombre) VALUES (4, 'Contaduría');
INSERT INTO Profesiones (Profesion, Nombre) VALUES (5, 'Marketing');
INSERT INTO Profesiones (Profesion, Nombre) VALUES (6, 'Psicología Industrial');
INSERT INTO Profesiones (Profesion, Nombre) VALUES (7, 'Ingeniería Mecánica');
INSERT INTO Profesiones (Profesion, Nombre) VALUES (8, 'Ingeniería Electrónica');
INSERT INTO Profesiones (Profesion, Nombre) VALUES (9, 'Derecho');
INSERT INTO Profesiones (Profesion, Nombre) VALUES (10, 'Medicina');
-- Conceptos
INSERT INTO Conceptos (Concepto, Nombre, Tipo, Aplica_ips, Aplica_aguinaldo) VALUES (1, 'Salario', 'a', 's', 's');
INSERT INTO Conceptos (Concepto, Nombre, Tipo, Aplica_ips, Aplica_aguinaldo) VALUES (2, 'Bonificación Familiar', 'a', 's', 's');
INSERT INTO Conceptos (Concepto, Nombre, Tipo, Aplica_ips, Aplica_aguinaldo) VALUES (3, 'Bonificación por Antigüedad', 'm', 's', 's');
INSERT INTO Conceptos (Concepto, Nombre, Tipo, Aplica_ips, Aplica_aguinaldo) VALUES (4, 'Uniforme', 'm', 'n', 'n');
INSERT INTO Conceptos (Concepto, Nombre, Tipo, Aplica_ips, Aplica_aguinaldo) VALUES (5, 'Viáticos', 'm', 's', 's');
INSERT INTO Conceptos (Concepto, Nombre, Tipo, Aplica_ips, Aplica_aguinaldo) VALUES (6, 'Sanción', 'm', 's', 's');
INSERT INTO Conceptos (Concepto, Nombre, Tipo, Aplica_ips, Aplica_aguinaldo) VALUES (7, 'Horas Extras', 'm', 's', 's');
INSERT INTO Conceptos (Concepto, Nombre, Tipo, Aplica_ips, Aplica_aguinaldo) VALUES (8, 'Préstamo Personal', 'm', 'n', 'n');
INSERT INTO Conceptos (Concepto, Nombre, Tipo, Aplica_ips, Aplica_aguinaldo) VALUES (9, 'Seguro Médico', 'm', 'n', 'n');
INSERT INTO Conceptos (Concepto, Nombre, Tipo, Aplica_ips, Aplica_aguinaldo) VALUES (10, 'Descuento por Tardanzas', 'm', 's', 's');
-- Motivos
INSERT INTO Motivos (Motivo, Nombre) VALUES (1, 'Aumento de Salario');
INSERT INTO Motivos (Motivo, Nombre) VALUES (2, 'Promoción');
INSERT INTO Motivos (Motivo, Nombre) VALUES (3, 'Desvinculación');
INSERT INTO Motivos (Motivo, Nombre) VALUES (4, 'Reducción de Salario');
INSERT INTO Motivos (Motivo, Nombre) VALUES (5, 'Cambio de área');
INSERT INTO Motivos (Motivo, Nombre) VALUES (6, 'Cambio de Rol');
INSERT INTO Motivos (Motivo, Nombre) VALUES (7, 'Cambio de jornada');
-- Dias Festivos
INSERT INTO dias_festivos (Fecha, Nombre) VALUES ('2023-01-01', 'Año Nuevo');
INSERT INTO dias_festivos (Fecha, Nombre) VALUES ('2023-03-01', 'Día de los Héroes');
INSERT INTO dias_festivos (Fecha, Nombre) VALUES ('2023-04-14', 'Viernes Santo');
INSERT INTO dias_festivos (Fecha, Nombre) VALUES ('2023-05-01', 'Día del Trabajador');
INSERT INTO dias_festivos (Fecha, Nombre) VALUES ('2023-05-14', 'Día de la Madre');
INSERT INTO dias_festivos (Fecha, Nombre) VALUES ('2023-06-12', 'Día de la Paz del Chaco');
INSERT INTO dias_festivos (Fecha, Nombre) VALUES ('2023-08-15', 'Día de la Independencia');
INSERT INTO dias_festivos (Fecha, Nombre) VALUES ('2023-09-29', 'Victoria de Boquerón');
INSERT INTO dias_festivos (Fecha, Nombre) VALUES ('2023-12-08', 'Día de la Virgen de Caacupé');
INSERT INTO dias_festivos (Fecha, Nombre) VALUES ('2023-12-25', 'Navidad');
-- Parametros
INSERT INTO parametros (parametro, nombre, valor, comentario) VALUES (1, 'salario_minimo', '2680373', 'Salario mínimo del Paraguay en guaraníes');
INSERT INTO parametros (parametro, nombre, valor, comentario) VALUES (2, 'bonificacion_familiar', '0.05', 'Porcentaje de bonificación familiar');
INSERT INTO parametros (parametro, nombre, valor, comentario) VALUES (3, 'ips_obrero', '0.09', 'Porcentaje de aporte de IPS del empleado');
INSERT INTO parametros (parametro, nombre, valor, comentario) VALUES (4, 'ips_patronal', '0.165', 'Porcentaje de aporte de IPS del empleador');
